{
  "info": {
    "name": "JEBOL Auth",
    "_postman_id": "jebol-auth-collection",
    "description": "Auth endpoints for JEBOL backend (login, me, logout)",
    "schema": "https://schema.getpostman.com/json/collection/v2.1.0/collection.json"
  },
  "item": [
    {
      "name": "Login",
      "request": {
        "method": "POST",
        "header": [
          {
            "key": "Content-Type",
            "value": "application/json"
          }
        ],
        "body": {
          "mode": "raw",
          "raw": "{\n  \"username\": \"superadmin\",\n  \"password\": \"ChangeMe123!\",\n  \"device_name\": \"dev-phone\"\n}"
        },
        "url": {
          "raw": "{{base_url}}/api/auth/login",
          "host": [
            "{{base_url}}"
          ],
          "path": [
            "api",
            "auth",
            "login"
          ]
        }
      },
      "response": []
    },
    {
      "name": "Me",
      "request": {
        "method": "GET",
        "header": [
          {
            "key": "Authorization",
            "value": "Bearer {{token}}"
          }
        ],
        "url": {
          "raw": "{{base_url}}/api/auth/me",
          "host": [
            "{{base_url}}"
          ],
          "path": [
            "api",
            "auth",
            "me"
          ]
        }
      },
      "response": []
    },
    {
      "name": "Logout",
      "request": {
        "method": "POST",
        "header": [
          {
            "key": "Authorization",
            "value": "Bearer {{token}}"
          }
        ],
        "url": {
          "raw": "{{base_url}}/api/auth/logout",
          "host": [
            "{{base_url}}"
          ],
          "path": [
            "api",
            "auth",
            "logout"
          ]
        }
      },
      "response": []
    }
    ,
    {
      "name": "Perkawinan - Submit",
      "request": {
        "method": "POST",
        "header": [
          {
            "key": "Content-Type",
            "value": "application/json"
          }
        ],
        "body": {
          "mode": "raw",
          "raw": "{\n  \"nama_pemohon\": \"Nama\",\n  \"nik_pemohon\": \"1234567890123456\",\n  \"no_hp_pemohon\": \"081234567890\",\n  \"nama_pasangan\": \"Nama Pasangan\",\n  \"nik_pasangan\": \"6543210987654321\",\n  \"no_hp_pasangan\": \"081234567891\",\n  \"alamat_domisili\": \"Jl Test\",\n  \"tanggal_perkawinan\": \"2026-01-30\",\n  \"tempat_perkawinan\": \"KUA\"\n}"
        },
        "url": {
          "raw": "{{base_url}}/api/perkawinan/submit",
          "host": [
            "{{base_url}}"
          ],
          "path": [
            "api",
            "perkawinan",
            "submit"
          ]
        }
      },
      "response": []
    },
    {
      "name": "Perkawinan - Status",
      "request": {
        "method": "GET",
        "header": [],
        "url": {
          "raw": "{{base_url}}/api/perkawinan/:uuid/status?nik_pemohon=1234567890123456",
          "host": [
            "{{base_url}}"
          ],
          "path": [
            "api",
            "perkawinan",
            ":uuid",
            "status"
          ],
          "query": [
            {
              "key": "nik_pemohon",
              "value": "1234567890123456"
            }
          ]
        }
      },
      "response": []
    }
    ,
    {
      "name": "Auth - Refresh Access Token",
      "request": {
        "method": "POST",
        "header": [
          {
            "key": "Authorization",
            "value": "Bearer {{refresh_token}}"
          }
        ],
        "url": {
          "raw": "{{base_url}}/api/auth/refresh",
          "host": [
            "{{base_url}}"
          ],
          "path": [
            "api",
            "auth",
            "refresh"
          ]
        }
      },
      "response": []
    }
  ],
  "event": [],
  "variable": [
    {
      "key": "base_url",
      "value": "http://127.0.0.1:8000"
    },
    {
      "key": "token",
      "value": ""
    }
  ]
}
